,companyId,positionId,positionNameByMe,industryField,education,workYear,city,positionAdvantage,salary,positionName,companyShortName,companyFullName,companySize,district,latitude,longitude,firstType,secondType,financeStage,jobNature
0,1868,5785645,数据分析,"移动互联网,金融",本科,1-3年,深圳,"五险一金,绩效奖金,带薪年假,定期体检",11k-20k,032281-数据分析岗,平安产险,中国平安财产保险股份有限公司,2000人以上,福田区,22.52153,114.055036,综合职能|高级管理,人力资源,上市公司,全职
1,44982,5666110,数据分析,金融,本科,1-3年,深圳,公司平台大薪酬福利优一年多薪,8k-14k,数据分析岗,友金所,深圳前海用友力合金融服务有限公司,500-2000人,南山区,22.546596,113.947271,产品|需求|项目类,数据分析,不需要融资,全职
2,13809,5723753,数据分析,"移动互联网,金融",不限,不限,深圳,"六险一金,弹性时间,空间大,氛围好",3k-4k,数据分析（2020届）,随手科技,深圳市随手科技有限公司,500-2000人,南山区,22.534231,113.954869,产品|需求|项目类,数据分析,C轮,全职
3,311571,5813500,数据分析,"移动互联网,广告营销",本科,1-3年,深圳,"高薪,轻松,机会",11k-15k,数据分析师,简信科技,深圳简信互联网科技服务有限公司,50-150人,南山区,22.527343,113.942156,产品|需求|项目类,数据分析,不需要融资,全职
4,70395,5670374,数据分析,移动互联网,本科,3-5年,深圳,"颜值高团队,扁平化管理,老板好,员工福利",10k-20k,数据分析师,超级猩猩健身,深圳市超级猩猩健身管理有限公司,150-500人,南山区,22.536187,113.995693,产品|需求|项目类,数据分析,D轮及以上,全职
5,159101,5833149,数据分析,硬件,本科,1-3年,深圳,"产品好,团队好,学习型,期权多",10k-20k,数据分析师,海柔创新,深圳市海柔创新科技有限公司,50-150人,宝安区,22.598663,113.844778,开发|测试|运维类,数据开发,A轮,全职
6,48687,5822637,数据分析,"移动互联网,硬件",本科,1-3年,深圳,发展平台大 工作氛围佳,10k-15k,数据分析师,魅族,珠海市魅族科技有限公司,2000人以上,南山区,22.540605,113.952792,开发|测试|运维类,数据开发,A轮,全职
7,40014,5701233,数据分析,电子商务,本科,1-3年,深圳,不打卡 团队年轻 领导nice,10k-20k,数据分析师,美的电商,美的集团电子商务有限公司,2000人以上,南山区,22.524462,113.936028,产品|需求|项目类,数据分析,上市公司,全职
8,15175,5827915,数据分析,移动互联网,本科,不限,深圳,上市公司 五险一金 发展空间 团队激励,15k-30k,数据分析师 （桔子理财） (MJ000539),乐信,深圳乐信软件技术有限公司,2000人以上,南山区,22.538345,113.944704,金融类,风控,上市公司,全职
9,505271,5819995,数据分析,"金融,人工智能",本科,3-5年,深圳,六险一金，扁平管理，快速成长，大神助力,15k-30k,数据分析师,腾梭科技,上海腾梭科技有限公司,150-500人,南山区,22.541408,113.932925,产品|需求|项目类,数据分析,A轮,全职
10,175284,5229237,数据分析,"教育,移动互联网",本科,3-5年,深圳,"五险一金,周末双休,健身俱乐部,带薪年假",18k-30k,数据分析师,阿卡索外教网,深圳市阿卡索资讯股份有限公司,2000人以上,罗湖区,22.540801,114.121301,产品|需求|项目类,数据分析,C轮,全职
11,103271,5819677,数据分析,"移动互联网,招聘",本科,应届毕业生,深圳,个人成长空间大、福利好、假期长、弹性打卡,3k-5k,数据分析实习生,白熊事务所,深圳找份工作科技有限公司,15-50人,南山区,22.538258,113.957553,开发|测试|运维类,数据开发,天使轮,实习
12,39934,5823626,数据分析,"移动互联网,电子商务",本科,3-5年,深圳,带薪年假、定期体检、弹性工作,20k-30k,数据分析师,每日优鲜,北京每日优鲜电子商务有限公司,500-2000人,南山区,22.542201,113.953376,产品|需求|项目类,数据分析,C轮,全职
13,7918,5819841,数据分析,"企业服务,数据服务",大专,1年以下,深圳,试用期6险一金 周末双休,4k-5k,初级数据分析师,乐格信息,乐格商业咨询（深圳）有限公司,150-500人,福田区,22.530679,114.024615,产品|需求|项目类,数据分析,A轮,全职
14,22623,5819339,数据分析,生活服务,本科,3-5年,深圳,"周末双休,五险一金,包吃,优秀团队",10k-13k,数据分析工程师,派鲜,深圳派鲜科技有限公司,150-500人,南山区,22.540941,113.933786,产品|需求|项目类,数据分析,B轮,全职
15,1868,5546267,数据分析,"移动互联网,金融",本科,3-5年,深圳,丰厚的年终奖,15k-25k,数据分析与挖掘岗,平安产险,中国平安财产保险股份有限公司,2000人以上,福田区,22.532683,114.015762,开发|测试|运维类,数据开发,上市公司,全职
16,13809,5420463,数据分析,"移动互联网,金融",本科,3-5年,深圳,团队氛围好，发展空间大,13k-25k,数据分析师,随手科技,深圳市随手科技有限公司,500-2000人,南山区,22.534231,113.954869,产品|需求|项目类,数据分析,C轮,全职
17,68524,5828229,数据分析,"移动互联网,教育",本科,不限,深圳,"福利多,二次元,中晚餐补,好玩有趣",12k-24k,数据分析工程师,编程猫,深圳点猫科技有限公司,500-2000人,宝安区,22.597811,113.84623,开发|测试|运维类,数据开发,B轮,全职
18,107664,5827207,数据分析,"移动互联网,金融",本科,3-5年,深圳,扁平管理，项目好,15k-30k,数据分析工程师,AKULAKU,岩心科技（深圳）有限公司,500-2000人,南山区,22.529055,113.943847,产品|需求|项目类,数据分析,D轮及以上,全职
19,51662,5579971,数据分析,金融,本科,3-5年,深圳,"五险一金,带薪年假,节日福利,高温补贴",10k-15k,25212E-数据分析岗,陆金所,上海陆家嘴国际金融资产交易市场股份有限公司,2000人以上,福田区,22.543223,114.063679,市场|商务类,市场|营销,B轮,全职
20,64398,5798240,数据分析,"零售贸易,移动互联网",本科,3-5年,深圳,年终奖、跨国平台、朝阳行业,12k-20k,数据分析,BLUE,深圳蓝贝科技有限公司,500-2000人,南山区,22.526908,113.942712,产品|需求|项目类,数据分析,C轮,全职
21,138346,5237655,数据分析,金融,本科,1-3年,深圳,"氛围好,晋升空间大",10k-15k,数据分析,恒信永利,深圳市瑞宝麟财富投资管理有限公司,2000人以上,南山区,22.568812,113.953478,开发|测试|运维类,数据开发,不需要融资,全职
22,175085,5728286,数据分析,金融,本科,3-5年,深圳,高额年终奖 体检 旅游 团建,15k-20k,数据分析,海南新浪爱问普惠科技有限公司,海南新浪爱问普惠科技有限公司,500-2000人,南山区,22.535129,113.952487,产品|需求|项目类,数据分析,未融资,全职
23,130397,5545318,数据分析,移动互联网,本科,3-5年,深圳,高薪酬股票期权热门海外业务氛围好牛人多,20k-40k,数据分析师,小步网络,深圳小步网络科技有限公司,150-500人,宝安区,22.562663,113.870862,产品|需求|项目类,数据分析,B轮,全职
24,204540,5781438,数据分析,"移动互联网,电子商务",本科,5-10年,深圳,五险一金 五天七小时 调薪机制,10k-20k,数据分析师,百果科技,深圳市百果互动科技有限公司,150-500人,南山区,22.530585,113.947717,产品|需求|项目类,数据分析,B轮,全职
25,160058,5816213,数据分析,移动互联网,硕士,3-5年,深圳,独角兽 专家团队 发展空间 资本雄厚,15k-30k,数据分析师,滴滴优点,滴滴优点科技（深圳）有限公司,50-150人,福田区,22.534054,114.031537,产品|需求|项目类,数据分析,A轮,全职
26,35565,5523134,数据分析,"移动互联网,数据服务",本科,1年以下,深圳,大数据人工智能；名校系大牛；技术氛围浓,8k-15k,数据分析师(商业方向，初级）,一面数据,深圳市一面网络技术有限公司,50-150人,南山区,22.54064,113.939945,产品|需求|项目类,数据分析,A轮,全职
27,497855,5631823,数据分析,"移动互联网,区块链",本科,1-3年,深圳,5天7小时 扁平化管理,8k-15k,数据分析,深圳市盛达瑞智能科技有限公司,深圳市盛达瑞智能科技有限公司,50-150人,南山区,22.547674,113.945686,产品|需求|项目类,数据分析,不需要融资,全职
28,135283,4864988,数据分析,"移动互联网,数据服务",本科,5-10年,深圳,"14薪起,股票期权,技术大牛,氛围融洽",20k-30k,数据分析师,数位科技,深圳数位传媒科技有限公司,150-500人,南山区,22.523714,113.940802,开发|测试|运维类,数据开发,B轮,全职
29,115706,5430691,数据分析,"移动互联网,社交网络",本科,3-5年,深圳,"SNS,薪资优渥,社交大咖",15k-30k,数据分析师,忆年,武汉市追忆那年网络科技有限公司,50-150人,南山区,22.527875,113.941717,产品|需求|项目类,数据分析,B轮,全职
30,35565,5523125,数据分析,"移动互联网,数据服务",本科,1-3年,深圳,大数据人工智能；名校系大牛；技术氛围浓,10k-20k,数据分析师（数据科学方向）,一面数据,深圳市一面网络技术有限公司,50-150人,南山区,22.54064,113.939945,产品|需求|项目类,数据分析,A轮,全职
31,8277,5592108,数据分析,"移动互联网,游戏",本科,1-3年,深圳,五险一金 带薪培训 免费体检,10k-15k,数据分析员,路通网络,深圳市路通网络技术有限公司,500-2000人,南山区,22.550238,113.950755,产品|需求|项目类,数据分析,不需要融资,全职
32,175085,5559632,数据分析,金融,本科,3-5年,深圳,高额年终奖 团建 体检 旅游,15k-20k,数据分析师,海南新浪爱问普惠科技有限公司,海南新浪爱问普惠科技有限公司,500-2000人,南山区,22.535129,113.952487,产品|需求|项目类,数据分析,未融资,全职
33,917,5645002,数据分析,"移动互联网,数据服务",本科,1-3年,深圳,"五险一金,奖金丰厚,福利多多,定期体检",9k-15k,数据分析师,极光,深圳市和讯华谷信息技术有限公司,500-2000人,南山区,22.550224,113.908469,产品|需求|项目类,数据分析,上市公司,全职
34,515159,5748069,数据分析,"移动互联网,金融",本科,1-3年,深圳,高薪 灵活 轻松,9k-15k,数据分析师,深圳微融,深圳微融信息科技有限公司,50-150人,南山区,22.527343,113.942156,产品|需求|项目类,数据分析,不需要融资,全职
35,214114,5173528,数据分析,移动互联网,本科,3-5年,深圳,"独立自主,海量数据,节奏快,创新驱动",15k-27k,数据分析师,懒人科技,上海懒人易健科技有限公司,50-150人,南山区,22.518091,113.934788,产品|需求|项目类,数据分析,不需要融资,全职
36,46639,2783123,数据分析,金融,本科,1-3年,深圳,有牛人,15k-30k,数据分析师,深圳妈妈资本,深圳妈妈资本管理有限公司,50-150人,南山区,22.522119,113.937086,产品|需求|项目类,数据分析,A轮,全职
37,166666,5355366,数据分析,"企业服务,数据服务",本科,1-3年,深圳,牛人团队 成长空间 期权激励 独当一面,15k-30k,数据分析师,观远数据,杭州观数信息科技有限公司,50-150人,南山区,22.523394,113.937985,产品|需求|项目类,数据分析,A轮,全职
38,76066,5762588,数据分析,"企业服务,医疗健康",不限,不限,深圳,扁平管理、年底双薪、年终奖、无加班文化,8k-15k,数据分析师,晶泰科技,深圳晶泰科技有限公司,50-150人,福田区,22.537003,114.023823,开发|测试|运维类,数据开发,B轮,全职
39,2352,5783436,数据分析,"金融,数据服务",本科,3-5年,深圳,行业前列、合规第一、持牌经营,15k-25k,数据分析师（数据运营）,鹏元征信有限公司,鹏元征信有限公司,150-500人,福田区,22.99368,113.993578,产品|需求|项目类,数据分析,不需要融资,全职
40,282633,5791744,数据分析,移动互联网,本科,3-5年,深圳,核心业务，新零售,15k-20k,数据分析师,高域海汇,北京高域海汇科技有限公司,150-500人,南山区,22.506348,113.938438,产品|需求|项目类,数据分析,不需要融资,全职
41,135283,4210417,数据分析,"移动互联网,数据服务",本科,5-10年,深圳,"14薪起,股票期权,大牛团队,技术氛围好",25k-50k,数据分析师,数位科技,深圳数位传媒科技有限公司,150-500人,南山区,22.523714,113.940802,开发|测试|运维类,数据开发,B轮,全职
42,174527,5389270,数据分析,"电子商务,硬件",本科,3-5年,深圳,周末双休，五险一金，下午茶，工作氛围好,15k-20k,数据分析师（用户方向）,立创商城,深圳市立创电子商务有限公司,150-500人,福田区,22.549496,114.042568,开发|测试|运维类,数据开发,A轮,全职
43,321025,5021443,数据分析,"移动互联网,教育",硕士,1-3年,深圳,驱动开发，团队年轻，牛人指导,10k-15k,数据分析师,风变科技（深圳）有限公司,风变科技（深圳）有限公司,150-500人,南山区,22.546157,113.946882,开发|测试|运维类,数据开发,A轮,全职
44,35539,5733985,数据分析,金融,本科,3-5年,深圳,弹性上班 多多年假 新业务发展多,12k-20k,数据分析师（评分卡）,即有分期,深圳前海达飞金融服务有限公司,500-2000人,福田区,22.99368,113.993578,金融类,互联网金融,D轮及以上,全职
45,35565,5523119,数据分析,"移动互联网,数据服务",本科,1-3年,深圳,大数据人工智能；名校系大牛；技术氛围浓,10k-20k,数据分析师（数据资产方向）,一面数据,深圳市一面网络技术有限公司,50-150人,南山区,22.54064,113.939945,开发|测试|运维类,数据开发,A轮,全职
46,174527,5524909,数据分析,"电子商务,硬件",本科,3-5年,深圳,"五险一金,周末双休,水果下午茶,",15k-20k,数据分析师（商品方向）,立创商城,深圳市立创电子商务有限公司,150-500人,福田区,22.549496,114.042568,产品|需求|项目类,数据分析,A轮,全职
47,35539,5758103,数据分析,金融,本科,1-3年,深圳,弹性上班 多多年假 新业务发展多,8k-15k,数据分析师（经营管理）,即有分期,深圳前海达飞金融服务有限公司,500-2000人,福田区,22.99368,113.993578,开发|测试|运维类,数据开发,D轮及以上,全职
48,19875,5004419,数据分析,移动互联网,本科,3-5年,深圳,"平台大,海量用户,技术氛围好,个人成长快",20k-30k,【急招】数据分析师（互联网）,vivo,维沃移动通信有限公司,2000人以上,宝安区,22.551716,113.88742,开发|测试|运维类,数据开发,未融资,全职
49,128065,2428796,数据分析,"企业服务,金融",本科,1-3年,深圳,"平台大,创新型,有挑战",8k-15k,数据分析师,深圳白骑士大数据有限公司,深圳白骑士大数据有限公司,50-150人,南山区,22.545687,113.945856,产品|需求|项目类,数据分析,A轮,全职
50,29682,5742734,数据分析,金融,本科,1-3年,深圳,团队氛围好，发展空间大，专业提升,8k-15k,数据分析岗,人人聚财,深圳市人人聚财金融信息服务有限公司,2000人以上,南山区,22.548086,114.149521,产品|需求|项目类,数据分析,A轮,全职
51,27976,5768068,数据分析,"移动互联网,电子商务",大专,1-3年,深圳,双休、 五险一金、餐补、节日福利,10k-15k,数据分析,美乐乐家居网,天津美维信息技术有限公司成都分公司,500-2000人,宝安区,22.583821,113.863603,产品|需求|项目类,数据分析,D轮及以上,全职
52,102685,4757404,数据分析,数据服务,本科,3-5年,深圳,"五险一金,午餐补助,补充医疗,14薪",15k-25k,数据分析师-深圳,神策数据,神策网络科技（北京）有限公司,150-500人,南山区,22.528953,113.945036,产品|需求|项目类,数据分析,C轮,全职
53,370359,5457704,数据分析,电子商务,本科,3-5年,深圳,13薪 晋升通道 公司氛围nice,10k-20k,数据分析师/ BI工程师,艾姆诗（IMC）,深圳市艾姆诗数码科技有限公司,500-2000人,龙华新区,22.665738,114.040781,开发|测试|运维类,数据开发,C轮,全职
54,451,5750498,数据分析,"移动互联网 ,游戏",本科,3-5年,深圳,海量数据、高并发、互联网金融,23k-46k,18436-数据分析/挖掘高级工程师（深圳）,腾讯,腾讯科技（深圳）有限公司,2000人以上,南山区,22.522641,113.934494,开发|测试|运维类,数据开发,上市公司,全职
55,110641,5778984,数据分析,"金融,数据服务",本科,不限,深圳,精英团队，弹性工作，超长年假，福利优厚,10k-20k,数据分析师（深圳）,CreditX,上海氪信信息技术有限公司,50-150人,南山区,22.545769,113.945772,开发|测试|运维类,数据开发,B轮,全职
56,284998,5806135,数据分析,"金融,移动互联网",本科,1-3年,深圳,腾讯控股公司、不需要融资,10k-20k,数据分析师,WeSure微保,微民保险代理有限公司,150-500人,南山区,22.541047,113.932749,产品|需求|项目类,数据分析,不需要融资,全职
57,917,2857336,数据分析,"移动互联网,数据服务",本科,3-5年,深圳,"数据量大,攻城狮氛围,牛人多,弹性工作",20k-30k,高级数据分析师,极光,深圳市和讯华谷信息技术有限公司,500-2000人,南山区,22.550007,113.907458,开发|测试|运维类,数据开发,上市公司,全职
58,6566,5730912,数据分析,"移动互联网,电子商务",本科,5-10年,深圳,大平台、年终奖、薪酬面谈,15k-30k,大数据分析师,金蝶,金蝶软件（中国）有限公司,2000人以上,南山区,22.534123,113.95479,开发|测试|运维类,数据开发,上市公司,全职
59,3826,3533819,数据分析,"移动互联网,电子商务",大专,1-3年,深圳,"地铁口便捷,发展空间大,重视程度高",8k-15k,数据分析师,土拨鼠,浙江土拨鼠网络科技有限公司,150-500人,宝安区,22.575673,113.866041,产品|需求|项目类,数据分析,A轮,全职
60,35565,5523109,数据分析,"移动互联网,数据服务",本科,不限,深圳,大数据人工智能；名校系大牛；技术氛围浓,8k-15k,数据分析师（汽车行业）,一面数据,深圳市一面网络技术有限公司,50-150人,南山区,22.54064,113.939945,开发|测试|运维类,数据开发,A轮,全职
61,174527,5524923,数据分析,"电子商务,硬件",不限,不限,深圳,"五险一金,周末双休,水果下午茶,",6k-10k,数据分析师（用户）,立创商城,深圳市立创电子商务有限公司,150-500人,福田区,22.549496,114.042568,产品|需求|项目类,数据分析,A轮,全职
62,11889,5804947,数据分析,金融,本科,3-5年,深圳,"工作氛围好,福利待遇好",10k-15k,数据分析及挖掘岗,中国中投证券,中国中投证券有限责任公司,2000人以上,福田区,22.538884,114.063636,开发|测试|运维类,数据开发,不需要融资,全职
63,451,5574590,数据分析,"移动互联网 ,游戏",本科,3-5年,深圳,大平台 新业务,20k-40k,29912-数据分析-运营开发,腾讯,腾讯科技（深圳）有限公司,2000人以上,南山区,22.5227,113.935173,开发|测试|运维类,数据开发,上市公司,全职
64,62363,5463328,数据分析,"生活服务,硬件",本科,3-5年,深圳,"世界五百强,地产龙头企,薪资福利佳。",18k-30k,数据分析工程师,万科,万翼科技有限公司,2000人以上,南山区,22.526905,113.941629,产品|需求|项目类,数据分析,上市公司,全职
65,493148,5592385,数据分析,移动互联网,本科,3-5年,深圳,"五险一金,绩效奖金,带薪年假,定期体检",15k-30k,47213E-数据分析工程师,平安智慧城,平安国际智慧城市科技股份有限公司,2000人以上,南山区,22.501203,113.888115,开发|测试|运维类,数据开发,不需要融资,全职
66,516792,5654895,数据分析,"移动互联网,金融",本科,1-3年,深圳,五险一金、餐补,30k-50k,数据分析经理,深圳市特快科技有限公司,深圳市特快科技有限公司,150-500人,南山区,22.569215,113.953419,产品|需求|项目类,数据分析,不需要融资,全职
67,497855,5624879,数据分析,"移动互联网,区块链",本科,3-5年,深圳,五险一金、周末双休、带薪年假、晋升快,10k-20k,数据分析主管,深圳市盛达瑞智能科技有限公司,深圳市盛达瑞智能科技有限公司,50-150人,南山区,22.547674,113.945686,开发|测试|运维类,数据开发,不需要融资,全职
68,917,5726171,数据分析,"移动互联网,数据服务",本科,3-5年,深圳,"五险一金,奖金丰厚,福利多多,定期体检",25k-35k,数据分析主管,极光,深圳市和讯华谷信息技术有限公司,500-2000人,南山区,22.550224,113.908469,产品|需求|项目类,数据分析,上市公司,全职
69,317003,5763416,数据分析,"移动互联网,数据服务",本科,3-5年,深圳,海外市场 数据 流量,15k-30k,数据分析经理,远趣科技,深圳远趣科技有限公司,50-150人,福田区,22.537875,114.051086,产品|需求|项目类,数据分析,不需要融资,全职
70,11885,5228770,数据分析,企业服务,本科,3-5年,深圳,"上市集团,内部正编,大平台,发展空间大",5k-10k,数据分析专员,世联行,深圳世联行地产顾问股份有限公司,2000人以上,南山区,22.541245,113.94157,产品|需求|项目类,数据分析,上市公司,全职
71,138346,5610903,数据分析,金融,本科,不限,深圳,氛围好 有前景,20k-35k,数据分析经理,恒信永利,深圳市瑞宝麟财富投资管理有限公司,2000人以上,南山区,22.568812,113.953478,金融类,风控,不需要融资,全职
72,128065,4230035,数据分析,"企业服务,金融",硕士,5-10年,深圳,"平台好,创新型,发展迅速,股权期权",38k-65k,数据分析总监,深圳白骑士大数据有限公司,深圳白骑士大数据有限公司,50-150人,南山区,22.99368,113.993578,开发|测试|运维类,数据开发,A轮,全职
73,19875,5574907,数据分析,移动互联网,本科,1-3年,深圳,"弹性工作,团队大牛多,试用期全薪",6k-8k,助理数据分析专员,vivo,维沃移动通信有限公司,2000人以上,福田区,22.567644,114.060414,开发|测试|运维类,数据开发,未融资,全职
74,284998,5345877,数据分析,"金融,移动互联网",硕士,3-5年,深圳,发展前景,15k-30k,数据分析工程师,WeSure微保,微民保险代理有限公司,150-500人,南山区,22.541047,113.932749,开发|测试|运维类,数据开发,不需要融资,全职
75,497855,5719785,数据分析,"移动互联网,区块链",本科,5-10年,深圳,5天7小时 扁平化管理,15k-25k,数据分析主管,深圳市盛达瑞智能科技有限公司,深圳市盛达瑞智能科技有限公司,50-150人,南山区,22.547674,113.945686,开发|测试|运维类,数据开发,不需要融资,全职
76,451,4608137,数据分析,"移动互联网 ,游戏",硕士,3-5年,深圳,"氛围和谐,福利齐全,长期激励,年度旅游",25k-40k,风控（海外）策略及数据分析工程师（深圳）,腾讯,腾讯科技（深圳）有限公司,2000人以上,南山区,22.538841,113.953476,开发|测试|运维类,数据开发,上市公司,全职
77,353834,5583653,数据分析,"移动互联网,生活服务",本科,3-5年,深圳,空间大，牛人多，环境好,15k-30k,数据分析工程师,小黄狗环保科技有限公...,小黄狗环保科技有限公司,2000人以上,南山区,22.540908,113.953026,产品|需求|项目类,数据分析,D轮及以上,全职
78,128998,5650495,数据分析,"移动互联网,金融",本科,3-5年,深圳,"专项奖金,五险一金,交通补助,带薪年假",10k-20k,数据分析师,海万科技,上海海万信息科技股份有限公司,500-2000人,福田区,22.535702,114.053855,产品|需求|项目类,数据分析,不需要融资,全职
79,435365,5599213,数据分析,"移动互联网,电子商务",硕士,3-5年,深圳,极具挑战的工作内容,20k-40k,数据分析专家,卓轩科技,珠海市卓轩科技有限公司,50-150人,南山区,22.528499,113.923552,开发|测试|运维类,数据开发,A轮,全职
80,48903,5163293,数据分析,其他,本科,3-5年,深圳,"五险一金,带薪年假,团建活动,上市公司",15k-30k,数据分析经理,光汇石油,深圳光汇石油集团股份有限公司,500-2000人,福田区,22.50635,114.05691,产品|需求|项目类,数据分析,上市公司,全职
81,43642,5756056,数据分析,"移动互联网,企业服务",不限,1-3年,深圳,"营销数据实践,服务500强客户",8k-15k,数据分析工程师,is smart,深圳易思智科技有限公司,150-500人,南山区,22.668,114.065414,产品|需求|项目类,数据分析,不需要融资,全职
82,175085,4540599,数据分析,金融,本科,5-10年,深圳,"餐补,年终奖",25k-30k,高级数据分析师,海南新浪爱问普惠科技有限公司,海南新浪爱问普惠科技有限公司,500-2000人,南山区,22.545151,113.937903,产品|需求|项目类,数据分析,未融资,全职
83,26088,5815181,数据分析,"移动互联网,O2O",本科,5-10年,深圳,年终丰富，扁平管理，独角兽,20k-40k,高级数据分析师,深圳市丰巢科技有限公司,深圳市丰巢科技有限公司,500-2000人,南山区,22.509455,113.919418,产品|需求|项目类,数据分析,A轮,全职
84,51491,5418980,数据分析,旅游,本科,不限,深圳,挑战大，大牛领导，有价值的项目,14k-25k,高级数据分析师,PKFARE比客,深圳马可孛罗科技有限公司,150-500人,南山区,22.537171,113.955996,产品|需求|项目类,数据分析,A轮,全职
85,133420,5724949,数据分析,"金融,移动互联网",本科,3-5年,深圳,综合型集团 年轻又耐撕 低调有实力,12k-22k,数据分析师,深圳中业兴融,深圳中业兴融互联网金融服务有限公司,500-2000人,南山区,22.512676,113.940791,产品|需求|项目类,数据分析,A轮,全职
86,18139,5604770,数据分析,"电子商务,数据服务",本科,5-10年,深圳,"年底双薪,绩效奖金,免费班车,上升空间",15k-30k,数据分析师（微信综合产品部）,京东集团,北京京东世纪贸易有限公司,2000人以上,宝安区,22.549436,113.885817,产品|需求|项目类,数据分析,上市公司,全职
87,93575,5522492,数据分析,"电子商务,其他",本科,1-3年,深圳,数据分析,10k-15k,SQL/VBA 数据分析,Walmart China,沃尔玛（中国）投资有限公司,2000人以上,福田区,22.544741,114.012206,产品|需求|项目类,数据分析,上市公司,全职
88,128065,5682092,数据分析,"企业服务,金融",本科,3-5年,深圳,"平台大,创新型,有挑战",15k-30k,高级数据分析师,深圳白骑士大数据有限公司,深圳白骑士大数据有限公司,50-150人,南山区,22.545687,113.945856,产品|需求|项目类,数据分析,A轮,全职
89,106390,5632076,数据分析,其他,本科,5-10年,深圳,"班车接送,下午茶,员工宿舍,年终奖",20k-35k,高级数据分析师/大数据产品经理,跨越速运,跨越速运集团有限公司,2000人以上,宝安区,22.681331,113.780698,产品|需求|项目类,产品经理,不需要融资,全职
90,451,5243801,数据分析,"移动互联网 ,游戏",本科,3-5年,深圳,技术大咖,15k-30k,CSIG18-高级数据分析师（深圳）,腾讯,腾讯科技（深圳）有限公司,2000人以上,南山区,22.540822,113.934457,开发|测试|运维类,数据开发,上市公司,全职
91,353834,4666617,数据分析,"移动互联网,生活服务",本科,3-5年,深圳,"团队年轻,福利多,年终奖,朝阳行业",15k-30k,资深数据分析师,小黄狗环保科技有限公...,小黄狗环保科技有限公司,2000人以上,南山区,22.554548,113.950586,开发|测试|运维类,数据开发,D轮及以上,全职
92,62,5550043,数据分析,"移动互联网,数据服务",本科,3-5年,深圳,六险一金，弹性工作，免费三餐，租房补贴,20k-40k,数据分析师,字节跳动,北京字节跳动科技有限公司,2000人以上,南山区,22.511996,113.925762,产品|需求|项目类,数据分析,C轮,全职
93,128998,3637090,数据分析,"移动互联网,金融",本科,3-5年,深圳,"年终奖,双休,过节费,旅游",10k-15k,数据分析师,海万科技,上海海万信息科技股份有限公司,500-2000人,福田区,22.568264,114.059297,开发|测试|运维类,数据开发,不需要融资,全职
94,8350,5754130,数据分析,"O2O,生活服务",本科,3-5年,深圳,结构扁平 五险一金 年度旅游 弹性时间,15k-30k,高级数据分析师,万科物业,万科物业发展股份有限公司,2000人以上,福田区,22.567856,114.062189,开发|测试|运维类,数据开发,不需要融资,全职
95,123777,4465656,数据分析,"电子商务,企业服务",大专,1-3年,深圳,"五险一金,上下班车,早晚餐,培训机制",6k-9k,数据分析,通力互联,北京通力互联技术服务有限公司,2000人以上,南山区,22.53842,113.948041,产品|需求|项目类,数据分析,不需要融资,全职
96,83025,5228851,数据分析,电子商务,本科,3-5年,深圳,"大公司,上市公司,领导好,福利好",15k-25k,数据分析师,环球易购,深圳市环球易购电子商务有限公司,2000人以上,南山区,22.508997,113.918725,产品|需求|项目类,数据分析,上市公司,全职
97,539317,5767698,数据分析,房地产建筑,本科,3-5年,深圳,绩效奖金、定期体检、健身俱乐部、包三餐,10k-15k,数据分析师,恒大材料公司,深圳恒大材料设备有限公司,500-2000人,南山区,22.528499,113.923552,产品|需求|项目类,数据分析,不需要融资,全职
98,385,4857865,数据分析,数据服务,本科,1-3年,深圳,AI风口行业 晋升机会大 团队大牛多,15k-30k,数据分析师,iPIN.com,深圳爱拼信息科技有限公司,50-150人,南山区,22.549041,113.943289,产品|需求|项目类,数据分析,B轮,全职
99,16649,4940525,数据分析,电子商务,本科,3-5年,深圳,"跨境电商,腾讯创始人,数据分析",15k-20k,数据分析师,跨海侠,深圳前海跨海侠跨境电子商务有限公司,150-500人,福田区,22.53087,114.03151,运营|编辑|客服类,运营,A轮,全职
100,23071,5614913,数据分析,"移动互联网,数据服务",硕士,1-3年,深圳,"季度奖金,年度奖金,双休",10k-16k,数据分析师,深圳市麦谷科技有限公司,深圳市麦谷科技有限公司,50-150人,南山区,22.541784,113.93084,产品|需求|项目类,数据分析,A轮,全职
101,41178,5513836,数据分析,"移动互联网,O2O",本科,3-5年,深圳,发展空间大,25k-40k,数据分析师(J11494),货拉拉,深圳依时货拉拉科技有限公司,2000人以上,福田区,22.569077,114.059631,产品|需求|项目类,数据分析,C轮,全职
102,404222,5420018,数据分析,"移动互联网,广告营销",本科,5-10年,深圳,妹子多,25k-35k,大数据分析师,小青蛙,西安小青蛙影视文化传播有限公司,15-50人,南山区,22.541069,113.929045,开发|测试|运维类,数据开发,A轮,全职
103,19875,5502885,数据分析,移动互联网,本科,5-10年,深圳,亿级用户、大牛团队、发展空间大,25k-45k,高级\资深数据分析师,vivo,维沃移动通信有限公司,2000人以上,宝安区,22.551716,113.88742,开发|测试|运维类,数据开发,未融资,全职
104,45711,5379055,数据分析,医疗健康,硕士,不限,深圳,双休 住房补 交通补 餐补 双薪 年终奖,10k-20k,数据分析师,健康元,健康元药业集团股份有限公司,2000人以上,南山区,22.55665,113.94452,运营|编辑|客服类,运营,上市公司,全职
105,62,5672012,数据分析,"移动互联网,数据服务",本科,1-3年,深圳,六险一金，弹性工作，免费三餐，租房补贴,25k-50k,数据分析-创新工具,字节跳动,北京字节跳动科技有限公司,2000人以上,南山区,22.511996,113.925762,开发|测试|运维类,数据开发,C轮,全职
106,83025,1574129,数据分析,电子商务,本科,不限,深圳,上市公司 福利待遇优厚,8k-15k,数据分析师,环球易购,深圳市环球易购电子商务有限公司,2000人以上,南山区,116.331398,39.897445,产品|需求|项目类,数据分析,上市公司,全职
107,451,5724546,数据分析,"移动互联网 ,游戏",本科,3-5年,深圳,行业发声好机会，打造个人品牌,2k-3k,高级数据分析工程师（线上讲师）,腾讯,腾讯科技（深圳）有限公司,2000人以上,南山区,22.540719,113.93362,开发|测试|运维类,数据开发,上市公司,兼职
108,385,3792413,数据分析,数据服务,硕士,不限,深圳,"数据分析,数据模型",10k-20k,数据分析师,iPIN.com,深圳爱拼信息科技有限公司,50-150人,南山区,22.549041,113.943289,开发|测试|运维类,数据开发,B轮,全职
109,41178,4908000,数据分析,"移动互联网,O2O",本科,1-3年,深圳,"互联网,独角兽,氛围好",15k-30k,数据分析(J11352),货拉拉,深圳依时货拉拉科技有限公司,2000人以上,福田区,114.059297,22.569103,开发|测试|运维类,数据开发,C轮,全职
110,19875,5523984,数据分析,移动互联网,本科,5-10年,深圳,亿级用户、大牛团队、发展空间大,25k-45k,资深\高级数据分析师（互联网）,vivo,维沃移动通信有限公司,2000人以上,宝安区,22.551716,113.88742,开发|测试|运维类,数据开发,未融资,全职
111,25205,4958360,数据分析,游戏,本科,3-5年,深圳,"上市公司,平台大,福利好,发展空间大",15k-20k,数据分析师（挖掘方向）,吉比特,厦门吉比特网络技术股份有限公司,500-2000人,南山区,22.556001,113.97278,产品|需求|项目类,数据分析,上市公司,全职
112,479915,5425301,数据分析,"数据服务,其他",本科,3-5年,深圳,20天带薪年假，高端医疗保险，扁平化管理,15k-25k,(高级)数据分析师,dunnhumby 邓韩贝,邓韩贝信息技术咨询（上海）有限公司,50-150人,罗湖区,22.571168,114.125058,产品|需求|项目类,数据分析,不需要融资,全职
113,123777,4461562,数据分析,"电子商务,企业服务",本科,1-3年,深圳,"周末双休,免费班车,免费早餐,绩效奖",7k-14k,数据分析,通力互联,北京通力互联技术服务有限公司,2000人以上,南山区,22.546596,113.94724,开发|测试|运维类,数据开发,不需要融资,全职
114,8332,5770921,数据分析,移动互联网,本科,1-3年,深圳,五险一金 周末双休 工作氛围好,8k-15k,数据分析师（舆情方向）,任子行,任子行网络技术股份有限公司,500-2000人,南山区,22.550041,113.908136,产品|需求|项目类,数据分析,上市公司,全职
115,26536,4860791,数据分析,"移动互联网,金融",本科,3-5年,深圳,金融行业 大数据分析 数据挖掘,25k-50k,数据分析,中信银行信用卡中心,中信银行股份有限公司信用卡中心,2000人以上,福田区,22.535463,114.050484,产品|需求|项目类,数据分析,上市公司,全职
116,27879,5685524,数据分析,金融,本科,5-10年,深圳,带薪年假 绩效奖金 五险一金,15k-30k,大数据分析师-Cloud- Consulting,德勤,德勤企业咨询（上海）有限公司,2000人以上,罗湖区,22.541357,114.110741,开发|测试|运维类,高端技术职位,不需要融资,全职
117,161720,5603679,数据分析,"金融,数据服务",本科,5-10年,深圳,"平台大,福利好,发展快",30k-60k,数据分析师（大数据SZ）,平安金服,深圳平安综合金融服务有限公司,2000人以上,福田区,22.533181,114.055639,产品|需求|项目类,数据分析,上市公司,全职
118,40531,4950973,数据分析,"移动互联网,金融",本科,1-3年,深圳,"五险一金,带薪年假,节日福利,年底双薪",4k-6k,数据分析师,财宝,深圳市财宝网络技术服务有限公司,150-500人,南山区,22.54097,113.93418,开发|测试|运维类,数据开发,不需要融资,全职
119,29911,5130205,数据分析,"移动互联网,游戏",大专,1-3年,深圳,"大平台,福利好,晋升空间大,牛人多",8k-16k,sz-数据分析（竞技类）,CMGE中手游,深圳市中手游网络科技有限公司,500-2000人,福田区,22.99368,113.993578,产品|需求|项目类,数据分析,上市公司,全职
120,451,5431740,数据分析,"移动互联网 ,游戏",本科,3-5年,深圳,腾讯平台 福利待遇好 技术成长,40k-70k,数据分析高级工程师,腾讯,腾讯科技（深圳）有限公司,2000人以上,南山区,22.540822,113.934457,开发|测试|运维类,数据开发,上市公司,全职
121,62,5799371,数据分析,"移动互联网,数据服务",本科,不限,深圳,扁平管理，过亿用户，职业大牛,35k-70k,数据分析专家,字节跳动,北京字节跳动科技有限公司,2000人以上,南山区,22.51486,113.932922,产品|需求|项目类,数据分析,C轮,全职
122,25205,5519338,数据分析,游戏,本科,不限,深圳,福利待遇好；上市公司；发展机会多,15k-30k,数据分析师,吉比特,厦门吉比特网络技术股份有限公司,500-2000人,南山区,22.556001,113.97278,产品|需求|项目类,数据分析,上市公司,全职
123,19875,5505916,数据分析,移动互联网,本科,3-5年,深圳,"股票期权,精英团队,弹性工作",50k-80k,商业数据分析师,vivo,维沃移动通信有限公司,2000人以上,宝安区,22.551716,113.88742,产品|需求|项目类,数据分析,未融资,全职
124,6927,5789857,数据分析,移动互联网,本科,3-5年,深圳,公司福利、平台大,15k-30k,数据分析经理,OPPO,OPPO广东移动通信有限公司,2000人以上,南山区,22.515515,113.938672,开发|测试|运维类,运维,不需要融资,全职
125,12493,5774760,数据分析,"电子商务 ,生活服务",大专,3-5年,深圳,国企，文职，环境好,6k-8k,数据分析师,华润万家有限公司,华润万家有限公司,2000人以上,罗湖区,22.552347,114.134736,产品|需求|项目类,数据分析,上市公司,全职
126,77962,5817657,数据分析,"企业服务,数据服务",不限,3-5年,深圳,"五险一金,地铁周边,不打卡,包餐",20k-40k,商业数据分析师-华南,GrowingIO,北京易数科技有限公司,150-500人,南山区,22.545669,113.946011,产品|需求|项目类,数据分析,B轮,全职
127,41178,5635322,数据分析,"移动互联网,O2O",不限,5-10年,深圳,发展空间大,50k-70k,资深数据分析师(J11772),货拉拉,深圳依时货拉拉科技有限公司,2000人以上,福田区,22.5696,114.060144,产品|需求|项目类,数据分析,C轮,全职
128,458138,5628454,数据分析,"企业服务,金融",本科,1-3年,深圳,周末双休 弹性工作 无需打卡 五险一金,11k-15k,数据分析师,早鸟金流,深圳市信享科技有限公司,少于15人,龙岗区,22.606623,114.061329,开发|测试|运维类,数据开发,天使轮,全职
129,111387,5498013,数据分析,"移动互联网,电子商务",本科,3-5年,深圳,"商业保险,免费三餐,学习成长,保险金融业",10k-15k,数据分析师,慧择网,深圳市慧择时代科技有限公司,500-2000人,南山区,22.50932,113.92346,产品|需求|项目类,数据分析,B轮,全职
130,389424,5751534,数据分析,"移动互联网,数据服务",不限,1-3年,深圳,五险一金、包餐、下午茶和零食、弹性工作,10k-20k,大数据分析师,魔数智擎,深圳魔数智擎科技有限公司,15-50人,南山区,22.530438,113.952696,开发|测试|运维类,数据开发,不需要融资,全职
131,469051,5799231,数据分析,移动互联网,本科,5-10年,深圳,大平台，高薪资，福利好,40k-80k,大数据分析师,朋盛源,深圳市朋盛源科技有限公司,150-500人,宝安区,22.55233,113.889131,开发|测试|运维类,数据开发,C轮,全职
132,117543,5724430,数据分析,"移动互联网,O2O",本科,5-10年,深圳,行业独角兽、发展空间大、薪资福利好,25k-35k,高级/资深数据分析师,来电科技,深圳来电科技有限公司,500-2000人,南山区,22.540659,113.941593,开发|测试|运维类,数据开发,A轮,全职
133,32805,5625212,数据分析,游戏,本科,1年以下,深圳,发展空间大，转岗策划，和研发一体,10k-18k,手游数据分析师（非游戏行业请勿投递）,尚游游戏,深圳市尚游网络科技有限公司,150-500人,南山区,22.53797,113.9519,产品|需求|项目类,游戏策划,不需要融资,全职
134,506423,5783524,数据分析,"移动互联网,医疗健康",大专,3-5年,深圳,发展机会多、团队年轻有活力、学习机会多,10k-15k,数据分析师,瘦吧科技,广州瘦吧网络科技有限公司,150-500人,南山区,22.517083,113.921709,产品|需求|项目类,数据分析,未融资,全职
135,451,5750577,数据分析,"移动互联网 ,游戏",本科,3-5年,深圳,国际业务、大平台,23k-46k,【国际业务部】高级数据分析工程师（深圳）,腾讯,腾讯科技（深圳）有限公司,2000人以上,南山区,22.522641,113.934494,开发|测试|运维类,数据开发,上市公司,全职
136,6927,5717964,数据分析,移动互联网,本科,3-5年,深圳,环境优越,20k-40k,数据分析专家,OPPO,OPPO广东移动通信有限公司,2000人以上,南山区,22.518785,113.943044,开发|测试|运维类,数据开发,不需要融资,全职
137,62,5696075,数据分析,"移动互联网,数据服务",本科,1-3年,深圳,六险一金，弹性工作，免费三餐，餐补,15k-30k,数据分析师,字节跳动,北京字节跳动科技有限公司,2000人以上,宝安区,22.548721,113.888021,产品|需求|项目类,数据分析,C轮,全职
138,252097,5778708,数据分析,"数据服务,移动互联网",本科,不限,深圳,数据分析 金融/财税行业 SQL,9k-18k,数据分析师,华云中盛,深圳市华云中盛科技有限公司,500-2000人,南山区,22.534199,113.946468,产品|需求|项目类,数据分析,不需要融资,全职
139,117543,5459357,数据分析,"移动互联网,O2O",不限,1-3年,深圳,"行业独角兽,全员期权,发展空间大",12k-18k,数据分析师,来电科技,深圳来电科技有限公司,500-2000人,南山区,22.540659,113.941593,运营|编辑|客服类,运营,A轮,全职
140,208292,5793388,数据分析,"移动互联网,社交网络",本科,3-5年,深圳,工作氛围好，每日下午茶,15k-30k,数据分析工程师,小水滴,深圳市小水滴计算机系统有限公司,50-150人,南山区,22.545237,113.943234,开发|测试|运维类,数据开发,未融资,全职
141,18139,5658601,数据分析,"电子商务,数据服务",本科,5-10年,深圳,五险一金周末双休晋升空间团队氛围,18k-30k,高级数据分析师,京东集团,北京京东世纪贸易有限公司,2000人以上,宝安区,22.549436,113.885817,产品|需求|项目类,数据分析,上市公司,全职
142,41178,4995486,数据分析,"移动互联网,O2O",本科,1年以下,深圳,"互联网,独角兽,氛围好",8k-12k,数据分析-2019校园招聘(J11421),货拉拉,深圳依时货拉拉科技有限公司,2000人以上,福田区,114.060162,22.570148,产品|需求|项目类,数据分析,C轮,全职
143,298284,5311198,数据分析,"移动互联网,电子商务",本科,3-5年,深圳,薪资高 老板nice,10k-15k,商业数据分析师,前海亚农,深圳前海亚农产业链科技有限公司,50-150人,南山区,22.543897,113.94625,产品|需求|项目类,数据分析,不需要融资,全职
144,385673,5312449,数据分析,电子商务,本科,1-3年,深圳,晋升空间大,8k-15k,数据分析师,油柑网,深圳市油柑科技有限公司,15-50人,福田区,22.543821,114.08596,产品|需求|项目类,数据分析,未融资,全职
145,5794,5707576,数据分析,电子商务,本科,3-5年,深圳,"年终奖,六险一金,双休,弹性打卡",10k-20k,电商数据分析师,一加手机,深圳市万普拉斯科技有限公司,500-2000人,福田区,22.530013,114.021472,开发|测试|运维类,数据开发,未融资,全职
146,83025,5410961,数据分析,电子商务,本科,1-3年,深圳,上市公司 大牛团队 量级大 五险一金,7k-14k,高级数据分析师,环球易购,深圳市环球易购电子商务有限公司,2000人以上,南山区,116.331398,39.897445,产品|需求|项目类,数据分析,上市公司,全职
147,24748,5712156,数据分析,金融,本科,5-10年,深圳,"五险一金,绩效奖金,带薪年假,定期体检",15k-30k,11219N-(CW)资深数据分析师,平安科技,平安科技（深圳）有限公司,2000人以上,福田区,22.539332,114.069833,开发|测试|运维类,数据开发,不需要融资,全职
148,27976,5780055,数据分析,"移动互联网,电子商务",大专,3-5年,深圳,双休、 五险一金、餐补、节日福利,9k-14k,商业数据分析师,美乐乐家居网,天津美维信息技术有限公司成都分公司,500-2000人,宝安区,22.583821,113.863603,市场|商务类,市场|营销,D轮及以上,全职
149,391592,5686957,数据分析,移动互联网 电子商务,本科,5-10年,深圳,平台大；薪资高；有大牛；领导NICE,20k-30k,数据分析,在华,深圳在华科技有限公司,50-150人,南山区,22.540524,113.941597,产品|需求|项目类,数据分析,未融资,全职
150,117543,5459284,数据分析,"移动互联网,O2O",本科,1-3年,深圳,"行业独角兽,全员期权,发展空间大",12k-18k,数据分析师,来电科技,深圳来电科技有限公司,500-2000人,南山区,22.540659,113.941593,市场|商务类,市场|营销,A轮,全职
151,6927,5261785,数据分析,移动互联网,本科,不限,深圳,高速发展，给力薪酬,15k-20k,数据分析,OPPO,OPPO广东移动通信有限公司,2000人以上,南山区,22.518785,113.943044,产品|需求|项目类,数据分析,不需要融资,全职
152,62,5269516,数据分析,"移动互联网,数据服务",本科,3-5年,深圳,六险一金，弹性工作，免费三餐，租房补贴,10k-20k,高级数据分析师-faceu,字节跳动,北京字节跳动科技有限公司,2000人以上,南山区,22.511303,22.511303,产品|需求|项目类,数据分析,C轮,全职
153,123777,4534148,数据分析,"电子商务,企业服务",本科,1-3年,深圳,"周末双休,绩效奖,免费班车",8k-15k,数据分析,通力互联,北京通力互联技术服务有限公司,2000人以上,南山区,22.546344,113.947593,开发|测试|运维类,数据开发,不需要融资,全职
154,29911,5804803,数据分析,"移动互联网,游戏",本科,3-5年,深圳,平台大、福利多、牛人多,10k-20k,sz-数据分析师,CMGE中手游,深圳市中手游网络科技有限公司,500-2000人,福田区,22.99368,113.993578,产品|需求|项目类,数据分析,上市公司,全职
155,296335,5772905,数据分析,电子商务,不限,3-5年,深圳,"发展前景好,团队和睦",18k-30k,数据分析师,初遇宝贝电商,深圳市初遇宝贝电子商务有限公司,150-500人,南山区,22.548298,113.943465,产品|需求|项目类,数据分析,不需要融资,全职
156,54935,4960616,数据分析,金融,本科,不限,深圳,"周末双休,团队奖,前腾讯团队,绩效奖",3k-6k,数据分析实习生,利讯金服,深圳市利讯互联网金融服务有限公司,15-50人,南山区,22.522782,113.939885,开发|测试|运维类,数据开发,A轮,全职
157,321025,4842134,数据分析,"移动互联网,教育",硕士,不限,深圳,"技术氛围,技术前沿,数据意识,发展舞台",4k-8k,实习岗-数据分析,风变科技（深圳）有限公司,风变科技（深圳）有限公司,150-500人,南山区,22.546157,113.946882,开发|测试|运维类,数据开发,A轮,实习
158,86423,5775249,数据分析,金融,本科,1-3年,深圳,发展空间大,15k-20k,数据分析策略岗,招商银行,招商银行股份有限公司,2000人以上,南山区,22.5385,113.936539,金融类,银行,上市公司,全职
159,24748,5409676,数据分析,金融,本科,3-5年,深圳,"五险一金,带薪年假,节日福利,绩效奖金",20k-40k,11124Z-数据分析工程师-云技术服务,平安科技,平安科技（深圳）有限公司,2000人以上,南山区,22.538492,113.957451,开发|测试|运维类,数据开发,不需要融资,全职
160,52365,5485912,数据分析,"移动互联网,硬件",本科,3-5年,深圳,平台架构负责人，带团队,20k-35k,数据分析工程师,贔玄閣,深圳市赑玄阁科技有限公司,少于15人,南山区,22.556374,113.94679,产品|需求|项目类,数据分析,不需要融资,全职
161,1720,5583234,数据分析,移动互联网,本科,3-5年,深圳,"平台大,待遇优,发展快",10k-20k,高级数据分析师,万兴科技股份有限公司,万兴科技股份有限公司,500-2000人,南山区,22.522782,113.939885,产品|需求|项目类,数据分析,上市公司,全职
162,67217,3434325,数据分析,"招聘,其他",本科,1-3年,深圳,"金融,科技",20k-35k,数据分析中级经理,招商证券信息技术中心,招商证券股份有限公司,2000人以上,南山区,22.530488,113.948829,开发|测试|运维类,数据开发,上市公司,全职
163,44982,4215499,数据分析,金融,本科,1-3年,深圳,公司发展前景好+薪酬福利优,8k-15k,数据分析（风控方向）,友金所,深圳前海用友力合金融服务有限公司,500-2000人,南山区,22.546596,113.947271,产品|需求|项目类,数据分析,不需要融资,全职
164,16213,5802708,数据分析,移动互联网,本科,1-3年,深圳,五险一金 年度旅游 年度体检 下午茶,7k-13k,数据分析,魅动力,北京魅动力教育咨询有限公司,150-500人,南山区,22.527875,113.941717,运营|编辑|客服类,运营,C轮,全职
165,123777,4595405,数据分析,"电子商务,企业服务",本科,1-3年,深圳,"五险一金,带薪年假,年终奖,年底双薪",10k-15k,数据分析师,通力互联,北京通力互联技术服务有限公司,2000人以上,南山区,22.546344,113.947593,产品|需求|项目类,数据分析,不需要融资,全职
166,44982,4215499,数据分析,金融,本科,1-3年,深圳,公司发展前景好+薪酬福利优,8k-15k,数据分析（风控方向）,友金所,深圳前海用友力合金融服务有限公司,500-2000人,南山区,22.546596,113.947271,产品|需求|项目类,数据分析,不需要融资,全职
167,16213,5802708,数据分析,移动互联网,本科,1-3年,深圳,五险一金 年度旅游 年度体检 下午茶,7k-13k,数据分析,魅动力,北京魅动力教育咨询有限公司,150-500人,南山区,22.527875,113.941717,运营|编辑|客服类,运营,C轮,全职
168,188205,5711460,数据分析,移动互联网,本科,1-3年,深圳,"周末双休,绩效奖金,假日福利，奖金丰厚",8k-12k,（急招）数据分析师,深圳市君仁科技发展有限公司,深圳市君仁科技发展有限公司,50-150人,南山区,22.544498,113.945967,产品|需求|项目类,数据分析,未融资,全职
169,157150,5626167,数据分析,"移动互联网,企业服务",本科,3-5年,深圳,福利好，老板nice，发展空间大,15k-30k,数据分析,航信,苏州航天信息有限公司,2000人以上,南山区,22.556374,113.94679,产品|需求|项目类,数据分析,上市公司,全职
170,107664,3233747,数据分析,"移动互联网,金融",本科,3-5年,深圳,"项目前景好,成长空间大,期权激励",15k-30k,数据分析师,AKULAKU,岩心科技（深圳）有限公司,500-2000人,南山区,22.528936,113.944721,产品|需求|项目类,数据分析,D轮及以上,全职
171,210133,5712985,数据分析,生活服务,本科,5-10年,深圳,大平台 氛围好 福利完善 晋升空间,20k-30k,高级数据分析师,顺丰速运,顺丰速运有限公司,2000人以上,福田区,22.526968,114.041458,开发|测试|运维类,数据开发,上市公司,全职
172,219463,5557724,数据分析,"企业服务,数据服务",本科,1-3年,深圳,五险一金 年终奖金 专业培训 发展空间大,6k-10k,数据分析师/BI工程师,就位网,深圳就位网科技有限公司,15-50人,福田区,22.532859,114.029931,开发|测试|运维类,数据开发,未融资,全职
173,101,4751708,数据分析,移动互联网,本科,3-5年,深圳,大流量平台,15k-30k,数据分析,迅雷,深圳市迅雷网络技术有限公司,500-2000人,南山区,22.54505,113.93851,产品|需求|项目类,数据分析,上市公司,全职
174,102580,4248912,数据分析,数据服务,本科,3-5年,深圳,"大数据领域,股东背景,互联网产品,工作餐",10k-15k,数据分析师,前海数据,深圳市前海数据服务有限公司,15-50人,南山区,22.502665,113.942584,产品|需求|项目类,数据分析,不需要融资,全职
175,28121,5672050,数据分析,"移动互联网,旅游",本科,1-3年,深圳,"国际化平台,环境舒适,好玩有趣",18k-35k,数据分析,KLOOK 客路旅行,深圳市客路网络科技有限公司,500-2000人,福田区,22.533263,114.030219,开发|测试|运维类,数据开发,D轮及以上,全职
176,431443,5057865,数据分析,人工智能,本科,3-5年,深圳,"发展空间大,加薪空间大,能力说话",10k-16k,数据分析师,BDS大数易,深圳大数易智慧科技有限公司,少于15人,福田区,22.541321,114.08763,开发|测试|运维类,数据开发,天使轮,全职
177,237627,5816342,数据分析,生活服务,大专,3-5年,深圳,30家直营店有广阔的晋升空间，福利待遇好,12k-15k,数据分析师,领域健身world,深圳市领域健身有限公司,150-500人,福田区,22.560822,114.039025,产品|需求|项目类,数据分析,不需要融资,全职
178,6718,5386332,数据分析,"社交网络,生活服务",本科,1-3年,深圳,发展前景好，团队氛围棒,11k-18k,数据分析师,珍爱网,深圳市珍爱网信息技术有限公司,2000人以上,南山区,22.519682,113.94225,开发|测试|运维类,数据开发,不需要融资,全职
179,6927,5606980,数据分析,移动互联网,本科,1-3年,深圳,AI 5G IOT,15k-25k,数据分析师,OPPO,OPPO广东移动通信有限公司,2000人以上,南山区,22.518513,113.942998,产品|需求|项目类,数据分析,不需要融资,全职
180,422129,5816385,数据分析,数据服务,本科,1-3年,深圳,AI金融 大数据风口行业 各种福利,10k-15k,数据分析,司南数据科技,深圳司南数据服务有限公司,15-50人,南山区,22.530385,113.952776,产品|需求|项目类,数据分析,A轮,全职
181,202117,5689333,数据分析,"电子商务,移动互联网",本科,5-10年,深圳,五险一金、带薪年假、股权机制、年底分红,12k-18k,数据分析主管,勒朗国际,深圳市勒朗国际贸易有限公司,15-50人,龙华新区,22.6165,114.03975,产品|需求|项目类,数据分析,不需要融资,全职
182,169384,4792370,数据分析,金融,本科,不限,深圳,"大数据,信用卡,海量数据,银行",15k-30k,数据分析师,平安银行信用卡中心,平安银行股份有限公司信用卡中心（简称：平安银行信用卡中心）,500-2000人,南山区,22.532088,113.920083,产品|需求|项目类,数据分析,上市公司,全职
183,6927,3868319,数据分析,移动互联网,本科,3-5年,深圳,核心事业群 千万级日活 氛围好 组织扁平,20k-40k,高级数据分析师,OPPO,OPPO广东移动通信有限公司,2000人以上,南山区,22.518792,113.943044,开发|测试|运维类,数据开发,不需要融资,全职
184,11889,5804596,数据分析,金融,本科,应届毕业生,深圳,数据挖掘,1k-2k,数据分析及挖掘实习生,中国中投证券,中国中投证券有限责任公司,2000人以上,福田区,22.551731,114.055593,开发|测试|运维类,数据开发,不需要融资,实习
185,73043,5277133,数据分析,"金融,数据服务",本科,3-5年,深圳,"六险一金,带薪年假,绩效奖金,年底双薪",10k-20k,数据分析师,百融金服,百融金融信息服务股份有限公司,500-2000人,南山区,22.541267,113.9528,产品|需求|项目类,数据分析,C轮,全职
186,38075,422119,数据分析,金融,本科,3-5年,深圳,初创公司，朝阳行业，广阔的发展空间,18k-28k,数据分析工程师,招联金融,招联消费金融有限公司,500-2000人,南山区,22.548179,113.943551,产品|需求|项目类,数据分析,不需要融资,全职
187,431443,5057884,数据分析,人工智能,本科,应届毕业生,深圳,"转正机会,培训",3k-5k,数据分析师（实习生）,BDS大数易,深圳大数易智慧科技有限公司,少于15人,福田区,22.541321,114.08763,开发|测试|运维类,数据开发,天使轮,实习
188,35996,5558453,数据分析,"移动互联网,电子商务",本科,5-10年,深圳,五险一金，午餐补贴，通讯补贴，,18k-30k,QYN-数据分析工程师,顺丰科技有限公司,顺丰科技有限公司,2000人以上,南山区,22.523392,113.937987,开发|测试|运维类,数据开发,不需要融资,全职
189,24587,5023727,数据分析,金融,本科,1-3年,深圳,"绩效奖金,弹性工作,五险一金",10k-20k,数据分析,小赢科技,深圳市小赢科技有限责任公司,500-2000人,南山区,22.519131,113.941779,产品|需求|项目类,数据分析,上市公司,全职
190,205978,5719199,数据分析,电子商务,不限,应届毕业生,深圳,五险一金 员工旅游 年终奖金 弹性工作,4k-5k,数据分析专员,几素,深圳市几素科技有限公司,15-50人,龙岗区,22.621643,114.07425,产品|需求|项目类,数据分析,未融资,全职
191,475195,5456828,数据分析,"移动互联网,其他",本科,应届毕业生,深圳,团队背景优秀，薪资福利待遇好,45k-60k,资深数据分析/专家,金地,惠州金地物业管理有限公司,2000人以上,宝安区,22.55233,113.889131,开发|测试|运维类,数据开发,上市公司,全职
192,136443,5722784,数据分析,"金融,移动互联网",本科,5-10年,深圳,业务体量大 工作挑战高,20k-30k,数据分析经理,马上金融,马上消费金融股份有限公司,2000人以上,福田区,22.553314,114.047486,运营|编辑|客服类,运营,不需要融资,全职
193,61343,5530369,数据分析,"移动互联网,硬件",本科,5-10年,深圳,"五险一金,餐补，双休,通讯补贴,年终奖金",15k-25k,高级数据分析师,万睿科技,深圳市万睿智能科技有限公司,500-2000人,福田区,22.99368,113.993578,开发|测试|运维类,数据开发,不需要融资,全职
194,381283,5660611,数据分析,电子商务,大专,3-5年,深圳,绩效奖金 年终奖 健身房 免费旅游,6k-12k,亚马逊数据分析,第一卫,深圳第一卫科技有限公司,500-2000人,龙华新区,22.679499,113.993764,市场|商务类,市场|营销,未融资,全职
195,136443,5767538,数据分析,"金融,移动互联网",本科,5-10年,深圳,五险一金 年终奖金 地铁周边,15k-30k,高级数据分析师,马上金融,马上消费金融股份有限公司,2000人以上,福田区,22.538929,114.067388,产品|需求|项目类,数据分析,不需要融资,全职
196,451,4835899,数据分析,"移动互联网 ,游戏",本科,3-5年,深圳,"大数据,数据分析,BI,知识图谱",20k-40k,数据分析平台开发工程师（Python）,腾讯,腾讯科技（深圳）有限公司,2000人以上,南山区,113.934464,22.540718,开发|测试|运维类,后端开发,上市公司,全职
197,16213,5364474,数据分析,移动互联网,本科,1-3年,深圳,年轻团队 氛围轻松有活力 扁平化管理,8k-15k,数据分析师,魅动力,北京魅动力教育咨询有限公司,150-500人,南山区,22.527875,113.941717,产品|需求|项目类,数据分析,C轮,全职
198,19875,5552853,数据分析,移动互联网,本科,5-10年,深圳,"大数据平台,千万级用户,高并发,技术驱动",25k-50k,安全数据分析师,vivo,维沃移动通信有限公司,2000人以上,宝安区,22.552943,113.886947,开发|测试|运维类,数据开发,未融资,全职
199,61343,5563457,数据分析,"移动互联网,硬件",本科,5-10年,深圳,"五险一金,餐补，双休,通讯补贴,年终奖金",15k-30k,高级数据分析师,万睿科技,深圳市万睿智能科技有限公司,500-2000人,福田区,22.99368,113.993578,开发|测试|运维类,数据开发,不需要融资,全职
200,6718,5251454,数据分析,"社交网络,生活服务",本科,3-5年,深圳,"项目前景好,团队氛围棒",18k-25k,高级数据分析师（平台技术部）,珍爱网,深圳市珍爱网信息技术有限公司,2000人以上,南山区,22.519366,113.941993,开发|测试|运维类,数据开发,不需要融资,全职
201,73043,3968052,数据分析,"金融,数据服务",本科,1-3年,深圳,"五险一金,商业保险,弹性工作,福利补贴",10k-20k,数据分析师,百融金服,百融金融信息服务股份有限公司,500-2000人,南山区,22.99368,113.993578,金融类,风控,C轮,全职
202,202117,5653218,数据分析,"电子商务,移动互联网",本科,5-10年,深圳,五险一金、带薪年假、年终分红、股权激励,12k-18k,数据分析经理,勒朗国际,深圳市勒朗国际贸易有限公司,15-50人,龙华新区,22.6165,114.03975,产品|需求|项目类,数据分析,不需要融资,全职
203,35112,4918961,数据分析,金融,本科,不限,深圳,金融,8k-15k,反欺诈数据分析师(风控方向),中腾信,中腾信金融信息服务（上海）有限公司,2000人以上,南山区,22.540772,113.953243,金融类,其他金融职位,不需要融资,全职
204,15647,5315347,数据分析,"电子商务 ,数据服务",硕士,3-5年,深圳,五险一金 年底双薪 加班补贴 大平台,18k-35k,数据分析算法经理/工程师,富士康科技集团,富泰华工业（深圳）有限公司,2000人以上,宝安区,22.648808,114.051609,开发|测试|运维类,数据开发,上市公司,全职
205,498429,5661116,数据分析,"电子商务,生活服务",本科,5-10年,深圳,"出国机会，绩效奖金, 扁平管理，五险一金",10k-15k,数据分析师,Jing 静,深圳静限定成衣设计有限公司,50-150人,南山区,22.51075,113.924777,产品|需求|项目类,数据分析,不需要融资,全职
206,477114,5817995,数据分析,移动互联网,本科,5-10年,深圳,五险一金，零食随便吃，领导随便叼,30k-50k,高级数据分析师,鹿投科技,深圳市鹿投科技有限公司,少于15人,南山区,22.518314,113.935557,产品|需求|项目类,数据分析,未融资,全职
207,78224,5751886,数据分析,移动互联网,本科,应届毕业生,深圳,"成长空间大,大牛云集,海景办公室,包午餐",4k-6k,数据分析实习生,码隆科技,深圳码隆科技有限公司,50-150人,盐田区,22.553311,114.232178,开发|测试|运维类,数据开发,B轮,实习
208,391592,5815615,数据分析,移动互联网 电子商务,本科,应届毕业生,深圳,平台大；薪资高；有大牛；领导NICE,20k-30k,高级数据分析师,在华,深圳在华科技有限公司,50-150人,南山区,22.540197,113.941399,产品|需求|项目类,数据分析,未融资,全职
209,199281,5014610,数据分析,"移动互联网,广告营销",本科,1-3年,深圳,"数据挖掘,数据分析,数据运营",10k-20k,数据分析师/数据建模,印橙,上海印橙网络科技有限公司,50-150人,南山区,22.545916,113.945711,开发|测试|运维类,数据开发,未融资,全职
210,35112,4891503,数据分析,金融,本科,不限,深圳,金融,8k-15k,反欺诈数据分析师（征信业务方向）,中腾信,中腾信金融信息服务（上海）有限公司,2000人以上,南山区,22.540772,113.953243,开发|测试|运维类,数据开发,不需要融资,全职
211,159905,5456446,数据分析,数据服务,本科,1-3年,深圳,双休、俊男美女多、福利好、扁平化,15k-25k,催收数据分析师,木槿科技,深圳市木槿科技有限公司,50-150人,南山区,22.52841,113.953448,金融类,互联网金融,不需要融资,全职
212,35996,5344745,数据分析,"移动互联网,电子商务",本科,3-5年,深圳,弹性工作时间 发展空间大 午餐补贴,21k-26k,HAK高级数据分析师,顺丰科技有限公司,顺丰科技有限公司,2000人以上,南山区,22.523392,113.937987,开发|测试|运维类,数据开发,不需要融资,全职
213,128065,3345922,数据分析,"企业服务,金融",本科,应届毕业生,深圳,"转正机会,发展空间大,领导好",4k-6k,数据分析实习生,深圳白骑士大数据有限公司,深圳白骑士大数据有限公司,50-150人,南山区,22.545687,113.945856,开发|测试|运维类,数据开发,A轮,全职
214,117543,5753531,数据分析,"移动互联网,O2O",本科,5-10年,深圳,"行业独角兽,大咖云集,双休,全员期权",25k-35k,高级数据分析经理,来电科技,深圳来电科技有限公司,500-2000人,南山区,22.540659,113.941593,产品|需求|项目类,数据分析,A轮,全职
215,516115,5811675,数据分析,"移动互联网,企业服务",本科,3-5年,深圳,福利待遇好,45k-90k,资深数据分析挖掘师,语臻文化,深圳市语臻文化传播有限公司,50-150人,龙岗区,22.60606,114.11818,开发|测试|运维类,数据开发,不需要融资,全职
216,148112,5645145,数据分析,"移动互联网,电子商务",本科,1-3年,深圳,行业独角兽项目前景一片大好,8k-12k,数据分析工程师,商连商用,深圳市商连商用电子技术有限公司,50-150人,南山区,22.529351,113.952494,金融类,互联网金融,D轮及以上,全职
217,136443,5371727,数据分析,"金融,移动互联网",本科,5-10年,深圳,业务体量大 发展快,15k-25k,高级数据分析师,马上金融,马上消费金融股份有限公司,2000人以上,福田区,22.553314,114.047486,产品|需求|项目类,数据分析,不需要融资,全职
218,29682,5822804,数据分析,金融,本科,1-3年,深圳,团队氛围好，发展空间大，专业提升,8k-15k,风险管理数据分析师,人人聚财,深圳市人人聚财金融信息服务有限公司,2000人以上,南山区,22.548086,114.149521,产品|需求|项目类,数据分析,A轮,全职
219,44982,5727882,数据分析,金融,本科,1-3年,深圳,"发展空间大,工作氛围好,福利待遇好",8k-15k,信贷数据分析,友金所,深圳前海用友力合金融服务有限公司,500-2000人,南山区,22.546596,113.947271,金融类,互联网金融,不需要融资,全职
220,20857,5547745,数据分析,金融,本科,不限,深圳,周末双休、氛围好 外企环境,6k-8k,（印尼语）基金数据分析员,晨星Morningstar,晨星资讯（深圳）有限公司,500-2000人,福田区,22.536874,114.02128,金融类,证券|基金|信托|期货,上市公司,全职
221,107664,5748693,数据分析,"移动互联网,金融",本科,3-5年,深圳,"项目前景好,成长空间大,期权激励",15k-30k,财务数据分析,AKULAKU,岩心科技（深圳）有限公司,500-2000人,南山区,22.529055,113.943847,开发|测试|运维类,数据开发,D轮及以上,全职
222,22670,5590072,数据分析,"电子商务,生活服务",本科,3-5年,深圳,"五险一金,带薪年假,员工旅游,地铁附近",12k-20k,大数据开发 （数据分析方向）,万师傅,深圳市小亿网络有限公司,150-500人,宝安区,22.605709,113.8385,开发|测试|运维类,数据开发,A轮,全职
223,451,5238446,数据分析,"移动互联网 ,游戏",硕士,3-5年,深圳,平台大,30k-60k,pcg01-qq后台高级数据分析工程师,腾讯,腾讯科技（深圳）有限公司,2000人以上,南山区,22.540406,113.935333,开发|测试|运维类,数据开发,上市公司,全职
224,28121,5680934,数据分析,"移动互联网,旅游",本科,3-5年,深圳,国际化平台、环境舒适、好玩有趣,10k-20k,财务数据分析师,KLOOK 客路旅行,深圳市客路网络科技有限公司,500-2000人,福田区,22.533263,114.030219,综合职能|高级管理,财务,D轮及以上,全职
225,136443,5599198,数据分析,"金融,移动互联网",本科,3-5年,深圳,"产品设计,产品开发",15k-25k,高级数据分析师,马上金融,马上消费金融股份有限公司,2000人以上,福田区,22.553314,114.047486,运营|编辑|客服类,运营,不需要融资,全职
226,451,5250466,数据分析,"移动互联网 ,游戏",本科,3-5年,深圳,大平台,20k-40k,PCG01-QQ后台高级数据分析工程师,腾讯,腾讯科技（深圳）有限公司,2000人以上,南山区,22.540941,113.933786,产品|需求|项目类,数据分析,上市公司,全职
227,27585,5575596,数据分析,"移动互联网,游戏",本科,1-3年,深圳,"空间大,弹性时间,健身房",8k-10k,游戏数据分析,易帆互动,深圳易帆互动科技有限公司,150-500人,南山区,22.546157,113.946882,运营|编辑|客服类,运营,不需要融资,全职
228,25205,4143326,数据分析,游戏,本科,1-3年,深圳,"上市公司,平台大,福利好,发展空间大",15k-20k,广告数据分析师,吉比特,厦门吉比特网络技术股份有限公司,500-2000人,南山区,22.556001,113.97278,产品|需求|项目类,数据分析,上市公司,全职
229,118347,5158681,数据分析,"游戏,移动互联网",本科,3-5年,深圳,"绩效奖金,全勤奖,年终奖",10k-20k,游戏数据分析师,辉耀互娱,深圳优依购互娱科技有限公司,50-150人,南山区,22.556536,113.935886,运营|编辑|客服类,运营,A轮,全职
230,40837,5615210,数据分析,"电子商务,O2O",本科,3-5年,深圳,跨国团队，订单起量时刻,20k-30k,BI数据分析师,新锐居品科技有限公司,深圳新锐居品科技有限公司,50-150人,宝安区,22.582113,113.917869,产品|需求|项目类,数据分析,A轮,全职
231,9087,5802647,数据分析,"移动互联网,游戏",本科,3-5年,深圳,海外大项目 奖金丰厚,15k-20k,游戏数据分析师,趣凡网络,深圳趣凡网络科技有限公司,150-500人,南山区,22.530776,113.953954,开发|测试|运维类,数据开发,不需要融资,全职
232,20857,5532275,数据分析,金融,本科,不限,深圳,周末双休、氛围好,5k-7k,Fund Data Analyst/基金数据分析员,晨星Morningstar,晨星资讯（深圳）有限公司,500-2000人,福田区,22.536874,114.02128,金融类,证券|基金|信托|期货,上市公司,全职
233,24587,5535223,数据分析,金融,本科,3-5年,深圳,公司平台广阔，福利待遇好，领导nice,15k-20k,金融数据分析师（互联网信贷）,小赢科技,深圳市小赢科技有限责任公司,500-2000人,南山区,22.519131,113.941779,金融类,互联网金融,上市公司,全职
234,429956,5174066,数据分析,"移动互联网,金融",本科,1-3年,深圳,"固定15薪,六险一金,各种团建,各种福利",9k-16k,反欺诈数据分析师,麦芒科技,麦芒（深圳）互联网信息服务有限公司,50-150人,南山区,22.54834,113.9446,金融类,互联网金融,不需要融资,全职
235,211786,4680444,数据分析,"医疗健康,数据服务",硕士,1-3年,深圳,"人工智能,高端前沿,前景广阔",12k-18k,基因数据分析专家,脑医生,深圳市铱硙医疗科技有限公司,15-50人,南山区,22.503279,113.94868,产品|需求|项目类,产品经理,A轮,全职
236,107313,5770917,数据分析,移动互联网,本科,3-5年,深圳,五险一金 海外业务 员工福利 成长空间,10k-17k,网络数据分析顾问,维卓网络,北京维卓网络科技有限公司,50-150人,南山区,22.525569,113.943181,开发|测试|运维类,数据开发,未融资,全职
237,128998,5649159,数据分析,"移动互联网,金融",本科,3-5年,深圳,"专项奖金,五险一金,交通补助,带薪年假",10k-20k,bi数据分析师,海万科技,上海海万信息科技股份有限公司,500-2000人,福田区,22.535702,114.053855,开发|测试|运维类,数据开发,不需要融资,全职
238,8332,5594894,数据分析,移动互联网,本科,1年以下,深圳,晋升空间大,8k-15k,舆情数据分析师--948,任子行,任子行网络技术股份有限公司,500-2000人,南山区,22.550041,113.908136,开发|测试|运维类,数据开发,上市公司,全职
239,32805,5803893,数据分析,游戏,本科,1-3年,深圳,"技术大牛,奖金丰富,弹性工作,发展空间大",10k-20k,游戏运营数据分析师,尚游游戏,深圳市尚游网络科技有限公司,150-500人,南山区,22.53797,113.9519,产品|需求|项目类,数据分析,不需要融资,全职
240,20857,5546271,数据分析,金融,本科,不限,深圳,周末双休、氛围好,6k-8k,西班牙语基金数据分析员,晨星Morningstar,晨星资讯（深圳）有限公司,500-2000人,福田区,22.536874,114.02128,金融类,证券|基金|信托|期货,上市公司,全职
241,24587,5697385,数据分析,金融,本科,3-5年,深圳,薪资福利优 发展前景好 专业团队,15k-30k,财务数据分析,小赢科技,深圳市小赢科技有限责任公司,500-2000人,南山区,22.519131,113.941779,综合职能|高级管理,财务,上市公司,全职
242,451,4870767,数据分析,"移动互联网 ,游戏",本科,1-3年,深圳,鹅厂福利,18k-36k,SA-腾讯社交广告数据分析工程师（微信广告 深圳）,腾讯,腾讯科技（深圳）有限公司,2000人以上,南山区,22.522641,113.934494,开发|测试|运维类,数据开发,上市公司,全职
243,136443,5546815,数据分析,"金融,移动互联网",本科,1-3年,深圳,"发展空间大,带薪年假,午餐补助,团队和谐",10k-20k,反欺诈数据分析师-深圳,马上金融,马上消费金融股份有限公司,2000人以上,福田区,22.553401,114.047958,金融类,风控,不需要融资,全职
244,107313,5772417,数据分析,移动互联网,本科,3-5年,深圳,五险一金 海外业务 员工福利 成长空间,10k-15k,网络数据分析顾问,维卓网络,北京维卓网络科技有限公司,50-150人,南山区,22.52525,113.943156,开发|测试|运维类,数据开发,未融资,全职
245,128998,5405110,数据分析,"移动互联网,金融",本科,3-5年,深圳,五险一金，周末双休，朝九晚六,10k-20k,bi数据分析师,海万科技,上海海万信息科技股份有限公司,500-2000人,福田区,22.52153,114.055036,开发|测试|运维类,数据开发,不需要融资,全职
246,361507,5742289,数据分析,"移动互联网,社交网络",本科,1-3年,深圳,"五险一金,员工旅游,年终奖金,定期体检",10k-15k,BI数据分析(J10024),传易,传易互动游戏科技（北京）有限公司,150-500人,南山区,22.527425,113.952721,产品|需求|项目类,数据分析,不需要融资,全职
247,402805,5611264,数据分析,其他,大专,1-3年,深圳,"带薪年假,年终分红,双休,下午茶",5k-6k,数据分析客服,轻岁,深圳传奇生物科技有限公司,50-150人,南山区,22.530438,113.952696,运营|编辑|客服类,客服,不需要融资,全职
248,429956,5274554,数据分析,"移动互联网,金融",本科,1-3年,深圳,六险一金，年终15薪，节日福利超多的呢！,9k-15k,风控数据分析师,麦芒科技,麦芒（深圳）互联网信息服务有限公司,50-150人,南山区,22.54834,113.9446,金融类,风控,不需要融资,全职
249,170275,5443637,数据分析,不限,本科,3-5年,深圳,"核心业务,顶尖团队,发展迅速,学习晋升快",25k-50k,SA-腾讯社交广告数据分析工程师（微信广告 深圳）,腾讯,深圳市腾讯计算机系统有限公司,2000人以上,南山区,22.540822,113.934457,开发|测试|运维类,数据开发,上市公司,全职
250,83025,3565979,数据分析,电子商务,本科,5-10年,深圳,大平台,30k-35k,运营数据分析专家,环球易购,深圳市环球易购电子商务有限公司,2000人以上,南山区,22.511241,113.920558,开发|测试|运维类,数据开发,上市公司,全职
251,131846,5112961,数据分析,电子商务,本科,1-3年,深圳,"新加坡公司,东南亚电商,牛人多,15天年假",10k-20k,BI 数据分析师 (Salesforce 方向),Shopee,深圳虾皮信息科技有限公司,2000人以上,南山区,22.538345,113.944704,产品|需求|项目类,数据分析,上市公司,全职
252,254,4104957,数据分析,移动互联网,本科,3-5年,深圳,"五险一金,年终奖,全勤奖,环境好",15k-30k,Java高级数据分析工程师,活动行,北京艾科创意信息技术有限公司,50-150人,福田区,22.545642,114.089596,开发|测试|运维类,后端开发,A轮,全职
253,23403,3788749,数据分析,企业服务,本科,不限,深圳,"学习型团队,银行项目,大平台,上升型团队",8K-15K,金融/银行/互联网 数据分析 数据挖掘岗,长亮科技,深圳市长亮科技股份有限公司,2000人以上,福田区,22.507855,114.045674,开发|测试|运维类,数据开发,上市公司,全职
254,359870,5682926,数据分析,"移动互联网,金融",本科,1-3年,深圳,风控,10k-20k,风控数据分析师,深圳金达数据科技有限公司,深圳金达数据科技有限公司,50-150人,龙华新区,22.614276,114.040776,金融类,风控,不需要融资,全职
255,24587,5535229,数据分析,金融,本科,3-5年,深圳,公司平台广阔，福利待遇好，领导nice,20k-30k,金融数据分析师（用户增长方向）,小赢科技,深圳市小赢科技有限责任公司,500-2000人,南山区,22.519131,113.941779,金融类,互联网金融,上市公司,全职
256,451,5222607,数据分析,"移动互联网 ,游戏",本科,3-5年,深圳,"大平台,福利多",15k-25k,信息流数据分析产品经理,腾讯,腾讯科技（深圳）有限公司,2000人以上,南山区,22.540406,113.935333,产品|需求|项目类,产品经理,上市公司,全职
257,136443,5811269,数据分析,"金融,移动互联网",本科,1-3年,深圳,"午餐补助,弹性奖金,发展空间大,扁平管理",10k-15k,安全调查数据分析师,马上金融,马上消费金融股份有限公司,2000人以上,福田区,22.553401,114.047958,金融类,风控,不需要融资,全职
258,20857,5531266,数据分析,金融,本科,不限,深圳,周末双休、氛围好,6k-8k,法语基金数据分析员,晨星Morningstar,晨星资讯（深圳）有限公司,500-2000人,福田区,22.536874,114.02128,金融类,证券|基金|信托|期货,上市公司,全职
259,131846,5112876,数据分析,电子商务,本科,3-5年,深圳,"新加坡公司,东南亚电商,牛人多",15k-25k,BI 资深数据分析师,Shopee,深圳虾皮信息科技有限公司,2000人以上,南山区,22.538345,113.944704,产品|需求|项目类,数据分析,上市公司,全职
260,128998,3945445,数据分析,"移动互联网,金融",大专,3-5年,深圳,"最先进的技,大项目,交通便利,环境好",13k-25k,Python 数据分析,海万科技,上海海万信息科技股份有限公司,500-2000人,福田区,22.535702,114.053855,产品|需求|项目类,数据分析,不需要融资,全职
261,23403,4103831,数据分析,企业服务,本科,5-10年,深圳,"金融科技,学习环境,提升空间,大平台",10k-20k,金融、互联网 数据分析挖掘 机器学习咨询专家,长亮科技,深圳市长亮科技股份有限公司,2000人以上,福田区,22.530891,114.080201,开发|测试|运维类,数据开发,上市公司,全职
262,62363,4674998,数据分析,"生活服务,硬件",本科,5-10年,深圳,"世界五百强,地产龙头企,薪资福利佳,挑战大",25k-50k,大数据分析工程师,万科,万翼科技有限公司,2000人以上,南山区,22.526905,113.941629,开发|测试|运维类,数据开发,上市公司,全职
263,111065,5005648,数据分析,"移动互联网,金融",本科,5-10年,深圳,领导好,25k-50k,大数据分析leader,飞贷金融科技,深圳中兴飞贷金融科技有限公司,500-2000人,南山区,22.546552,113.944417,开发|测试|运维类,数据开发,B轮,全职
264,19875,2729009,数据分析,移动互联网,本科,1-3年,深圳,"福利好,平台大,工作氛围赞,同事颜值高",20k-40k,软件大数据分析工程师,vivo,维沃移动通信有限公司,2000人以上,福田区,22.99368,113.993578,开发|测试|运维类,数据开发,未融资,全职
265,25317,3969637,数据分析,金融,本科,3-5年,深圳,"五险一金,带薪年假",12k-20k,ETL BI Developer 数据分析师,金证股份,深圳市金证科技股份有限公司,2000人以上,南山区,22.523675,113.915214,产品|需求|项目类,数据分析,上市公司,全职
266,49534,5310782,数据分析,"移动互联网,医疗健康",本科,1-3年,深圳,双休、朝九晚六、待遇好、氛围好,15k-25k,大数据分析工程师,爱宝惟生物科技,深圳市爱宝惟生物科技有限公司,15-50人,宝安区,22.59503,113.87394,开发|测试|运维类,数据开发,A轮,全职
267,95529,5694165,数据分析,移动互联网,本科,3-5年,深圳,人工智能,17k-28k,大数据分析与挖掘工程师,云天励飞,深圳云天励飞技术有限公司,500-2000人,南山区,22.528499,113.923552,开发|测试|运维类,数据开发,B轮,全职
268,35996,5578648,数据分析,"移动互联网,电子商务",硕士,5-10年,深圳,重点项目 技术氛围,50k-80k,DSQ-大数据分析专家,顺丰科技有限公司,顺丰科技有限公司,2000人以上,南山区,22.523392,113.937987,开发|测试|运维类,数据开发,不需要融资,全职
269,310253,4972038,数据分析,"移动互联网,O2O",本科,3-5年,深圳,公司平台,15k-25k,用户数据分析专员,顺丰-丰e足食,深圳市丰宜科技有限公司,2000人以上,福田区,22.526851,114.040978,产品|需求|项目类,数据分析,上市公司,全职
270,451,5276304,数据分析,"移动互联网 ,游戏",本科,3-5年,深圳,腾讯 大平台 福利好 成长快,15k-25k,PCG10-信息流数据分析产品经理,腾讯,腾讯科技（深圳）有限公司,2000人以上,南山区,22.540412,113.935346,产品|需求|项目类,产品经理,上市公司,全职
271,131846,5112771,数据分析,电子商务,本科,不限,深圳,"新加坡公司,东南亚电商,牛人多,15天年假",8k-12k,BI 数据分析师 - Data Analyst,Shopee,深圳虾皮信息科技有限公司,2000人以上,南山区,22.538345,113.944704,产品|需求|项目类,数据分析,上市公司,全职
272,128998,5380722,数据分析,"移动互联网,金融",本科,1-3年,深圳,五险一金，周末双休，朝九晚六,10k-15k,python数据分析,海万科技,上海海万信息科技股份有限公司,500-2000人,福田区,22.52153,114.055036,产品|需求|项目类,数据分析,不需要融资,全职
273,35996,5578763,数据分析,"移动互联网,电子商务",硕士,5-10年,深圳,重点项目 技术氛围,30k-50k,DSQ-大数据分析资深工程师,顺丰科技有限公司,顺丰科技有限公司,2000人以上,南山区,22.523392,113.937987,开发|测试|运维类,数据开发,不需要融资,全职
274,310253,4971732,数据分析,"移动互联网,O2O",本科,3-5年,深圳,"发展空间大,品牌影响",18k-30k,大数据分析与挖掘工程师,顺丰-丰e足食,深圳市丰宜科技有限公司,2000人以上,福田区,22.526851,114.040978,开发|测试|运维类,数据开发,上市公司,全职
275,917,5539948,数据分析,"移动互联网,数据服务",本科,1-3年,深圳,"大数据平台,纳斯达克,扁平化管理",20k-30k,增长经理/增长黑客（数据分析方向）,极光,深圳市和讯华谷信息技术有限公司,500-2000人,南山区,22.550224,113.908469,开发|测试|运维类,数据开发,上市公司,全职
276,30456,4507812,数据分析,"移动互联网,电子商务",本科,3-5年,深圳,大牛云集,15k-30k,产品经理（数据分析）,回收宝,深圳回收宝科技有限公司,500-2000人,南山区,22.527549,113.949541,产品|需求|项目类,产品经理,C轮,全职
277,51491,5551446,数据分析,旅游,本科,应届毕业生,深圳,海外业务，成长大，平台好，工作氛围好,8k-12k,管培生（数据分析方向）,PKFARE比客,深圳马可孛罗科技有限公司,150-500人,南山区,22.537124,113.9558,开发|测试|运维类,数据开发,A轮,全职
278,210133,5220675,数据分析,生活服务,本科,1-3年,深圳,"新业务,团队氛围好,发展空间大",8k-15k,产品运营(数据分析),顺丰速运,顺丰速运有限公司,2000人以上,南山区,22.524499,113.940213,产品|需求|项目类,数据分析,上市公司,全职
279,451,5637573,数据分析,"移动互联网 ,游戏",本科,3-5年,深圳,"福利好,平台大,薪酬高",18k-35k,企鹅号大数据分析开发（深圳）,腾讯,腾讯科技（深圳）有限公司,2000人以上,南山区,22.540719,113.93362,开发|测试|运维类,数据开发,上市公司,全职
280,131846,5112044,数据分析,电子商务,本科,3-5年,深圳,"外企氛围,蓝海市场,大牛多多,15天年假",20k-40k,数据产品经理（电商数据分析方向）,Shopee,深圳虾皮信息科技有限公司,2000人以上,南山区,22.538345,113.944704,开发|测试|运维类,数据开发,上市公司,全职
281,451,5786741,数据分析,"移动互联网 ,游戏",本科,3-5年,深圳,"福利好,平台大,薪酬高",18k-35k,短视频大数据分析开发（深圳）,腾讯,腾讯科技（深圳）有限公司,2000人以上,南山区,22.540719,113.93362,开发|测试|运维类,数据开发,上市公司,全职
282,41178,5376509,数据分析,"移动互联网,O2O",本科,5-10年,深圳,发展空间发,30k-50k,数据分析总监/副总监(J10846),货拉拉,深圳依时货拉拉科技有限公司,2000人以上,福田区,22.570148,114.060162,产品|需求|项目类,高端产品职位,C轮,全职
283,41178,5680833,数据分析,"移动互联网,O2O",本科,5-10年,深圳,年终奖 下午茶 团建 不打卡,25k-50k,高级数据分析师(J11807),货拉拉,深圳依时货拉拉科技有限公司,2000人以上,福田区,22.570148,114.060162,开发|测试|运维类,数据开发,C轮,全职
284,41178,5454132,数据分析,"移动互联网,O2O",本科,5-10年,深圳,年终奖 下午茶 团建 不打卡,25k-50k,高级数据分析师,货拉拉,深圳依时货拉拉科技有限公司,2000人以上,福田区,22.5696,114.060144,开发|测试|运维类,数据开发,C轮,全职
285,41178,5068426,数据分析,"移动互联网,O2O",本科,应届毕业生,深圳,"互联网,独角兽,氛围好",10k-15k,数据分析师（校招技术方向）(J11470),货拉拉,深圳依时货拉拉科技有限公司,2000人以上,福田区,22.569077,114.059631,开发|测试|运维类,数据开发,C轮,全职
286,41178,3782170,数据分析,"移动互联网,O2O",本科,3-5年,深圳,"职位发展,晋升空间,团队氛围好",11k-22k,数据分析师,货拉拉,深圳依时货拉拉科技有限公司,2000人以上,福田区,114.059631,22.569077,开发|测试|运维类,数据开发,C轮,全职
287,6927,4499800,数据分析,移动互联网,本科,1-3年,深圳,"优厚福利,海景办公",5k-10k,数据分析助理,OPPO,OPPO广东移动通信有限公司,2000人以上,南山区,22.518785,113.943044,产品|需求|项目类,数据分析,不需要融资,全职
288,6927,3868326,数据分析,移动互联网,本科,1-3年,深圳,核心事业群 千万级日活 氛围好 组织扁平,15k-30k,数据分析师,OPPO,OPPO广东移动通信有限公司,2000人以上,南山区,22.518792,113.943044,开发|测试|运维类,数据开发,不需要融资,全职
289,123777,4582376,数据分析,"电子商务,企业服务",本科,1-3年,深圳,"周末双休,免费早晚餐,福利齐全,美女如云",6k-8k,助理数据分析师-高科技事业部,通力互联,北京通力互联技术服务有限公司,2000人以上,南山区,22.556374,113.94679,运营|编辑|客服类,运营,不需要融资,全职
290,6927,5310137,数据分析,移动互联网,本科,1-3年,深圳,给力薪酬,15k-30k,高级数据分析师（Push方向）,OPPO,OPPO广东移动通信有限公司,2000人以上,南山区,22.518785,113.943044,开发|测试|运维类,数据开发,不需要融资,全职
291,41178,5061208,数据分析,"移动互联网,O2O",本科,3-5年,深圳,"货拉拉,互联网公司",20k-40k,高级数据分析工程师(J11469),货拉拉,深圳依时货拉拉科技有限公司,2000人以上,福田区,22.569077,114.059631,开发|测试|运维类,数据开发,C轮,全职
292,41178,5503404,数据分析,"移动互联网,O2O",本科,3-5年,深圳,发展空间大,15k-30k,资深\高级数据分析师(J11693),货拉拉,深圳依时货拉拉科技有限公司,2000人以上,福田区,22.569077,114.059631,产品|需求|项目类,数据分析,C轮,全职
293,6927,1670801,数据分析,移动互联网,本科,3-5年,深圳,核心事业群 千万级日活 氛围好 组织扁平,15k-30k,高级数据分析工程师,OPPO,OPPO广东移动通信有限公司,2000人以上,南山区,22.518792,113.943044,开发|测试|运维类,高端技术职位,不需要融资,全职
294,41178,5376382,数据分析,"移动互联网,O2O",本科,5-10年,深圳,发展空间发,30k-50k,高级数据分析专家(J11521),货拉拉,深圳依时货拉拉科技有限公司,2000人以上,福田区,22.570148,114.060162,产品|需求|项目类,数据分析,C轮,全职
295,6927,5663892,数据分析,移动互联网,本科,3-5年,深圳,环境优越,15k-30k,联盟广告数据分析工程师,OPPO,OPPO广东移动通信有限公司,2000人以上,南山区,22.518785,113.943044,产品|需求|项目类,数据分析,不需要融资,全职
296,6927,4947702,数据分析,移动互联网,本科,1-3年,深圳,"大平台,给力薪酬,海景办公",15k-30k,金融业务数据分析师,OPPO,OPPO广东移动通信有限公司,2000人以上,南山区,22.518785,113.943044,开发|测试|运维类,数据开发,不需要融资,全职
297,6927,5683335,数据分析,移动互联网,本科,3-5年,深圳,大平台 给力薪酬 组织氛围好,15k-30k,海外数据分析经理,OPPO,OPPO广东移动通信有限公司,2000人以上,南山区,22.518785,113.943044,产品|需求|项目类,数据分析,不需要融资,全职
298,6927,3487921,数据分析,移动互联网,本科,3-5年,深圳,亿级用户，大平台，给力薪酬,15k-30k,高级游戏数据分析师,OPPO,OPPO广东移动通信有限公司,2000人以上,南山区,22.518792,113.943044,开发|测试|运维类,数据开发,不需要融资,全职
299,6927,3868291,数据分析,移动互联网,本科,3-5年,深圳,核心事业群 千万级日活 氛围好 组织扁平,20k-40k,高级广告数据分析师,OPPO,OPPO广东移动通信有限公司,2000人以上,南山区,22.518792,113.943044,开发|测试|运维类,数据开发,不需要融资,全职
300,123777,4579888,数据分析,"电子商务,企业服务",本科,1-3年,深圳,"免费早晚餐,上市公司,年终奖,节日福利",6k-7k,数据分析运营助理,通力互联,北京通力互联技术服务有限公司,2000人以上,南山区,22.546344,113.947593,运营|编辑|客服类,运营,不需要融资,全职
301,6927,5546480,数据分析,移动互联网,本科,1-3年,深圳,"大平台,给力薪酬,海景办公楼,高配健身房",15k-30k,大数据产品经理（数据分析方向）,OPPO,OPPO广东移动通信有限公司,2000人以上,南山区,22.518513,113.942998,产品|需求|项目类,产品经理,不需要融资,全职
302,20857,5531828,数据分析,金融,本科,不限,深圳,周末双休、氛围好,6k-8k,(越南语)股票数据分析员,晨星Morningstar,晨星资讯（深圳）有限公司,500-2000人,福田区,22.536874,114.02128,金融类,证券|基金|信托|期货,上市公司,全职
303,20857,5546167,数据分析,金融,本科,不限,深圳,周末双休、氛围好,6k-9k,股票数据分析员（日语）,晨星Morningstar,晨星资讯（深圳）有限公司,500-2000人,福田区,22.536874,114.02128,金融类,证券|基金|信托|期货,上市公司,全职
304,35996,5731870,数据分析,"移动互联网,电子商务",硕士,5-10年,深圳,平台好 成长快,40k-80k,DSQ-大数据分析工程师\专家,顺丰科技有限公司,顺丰科技有限公司,2000人以上,南山区,22.523392,113.937987,产品|需求|项目类,数据分析,不需要融资,全职
305,6927,5455280,数据分析,移动互联网,不限,1-3年,深圳,"大平台,给力薪酬,海景办公楼,高配健身房",15k-30k,业务规划经理（数据分析方向）,OPPO,OPPO广东移动通信有限公司,2000人以上,南山区,22.518785,113.943044,产品|需求|项目类,数据分析,不需要融资,全职
306,41178,4188513,数据分析,"移动互联网,O2O",本科,5-10年,深圳,"下午茶,年终奖,旅游,六险一金",30k-50k,技术副总监（数据分析方向）J10758,货拉拉,深圳依时货拉拉科技有限公司,2000人以上,福田区,22.562964,114.05533,开发|测试|运维类,数据开发,C轮,全职
307,35996,5335389,数据分析,"移动互联网,电子商务",本科,3-5年,深圳,福利待遇高，发展前景好,20k-30k,ZHB-中高级产品经理（数据分析方向）,顺丰科技有限公司,顺丰科技有限公司,2000人以上,南山区,22.523392,113.937987,产品|需求|项目类,产品经理,不需要融资,全职
